MONSTER|EXPANSION|ACT|IMAGE
Goblin Archer|D2E|Act1|goblinarcheract1.png
Zombie|D2E|Act1|zombieact1.png
Cave Spider|D2E|Act1|cavespideract1.png
Flesh Moulders|D2E|Act1|fleshmouldersact1.png
Barghest|D2E|Act1|barghestact1.png
Ettin|D2E|Act1|ettinact1.png
Elemental|D2E|Act1|elementalact1.png
Merriod|D2E|Act1|merriodact1.png
Shadow Dragon|D2E|Act1|shadowdragonact1.png
Fire Imp|LotW|Act1|fireimpact1.png
Hybrid Sentinel|LotW|Act1|hybridsentinelact1.png
Goblin Witcher|LoR|Act1|goblinwitcheract1.png
Volucrix Reaver|LoR|Act1|volucrixreaveract1.png
Arachyura|LoR|Act1|arachyuraact1.png
Carrion Drake|LoR|Act1|carriondrakeact1.png
Harpy|TT|Act1|harpyact1.png
Plague Worm|TT|Act1|plaguewormact1.png
Rat Swarm|SoN|Act1|ratswarmact1.png
Changelin|SoN|Act1|changelinact1.png
Ironbound|SoN|Act1|ironboundact1.png
Ynfernael Hulk|SoN|Act1|ynfernaelhulkact1.png
Bandit|MoR|Act1|banditact1.png
Wraith|MoR|Act1|wraithact1.png
Beastman|DCK|Act1|beastmanact1.png
Skeleton Archer|DCK|Act1|skeletonarcheract1.png
Bane Spider|DCK|Act1|banespideract1.png
Razorwing|DCK|Act1|razorwingact1.png
Hell Hound|DCK|Act1|hellhoundact1.png
Sorcerer|DCK|Act1|sorcereract1.png
Ogre|DCK|Act1|ogreact1.png
Manticore|DCK|Act1|manticoreact1.png
Naga|DCK|Act1|nagaact1.png
Giant|DCK|Act1|giantact1.png
Crypt Dragon|DCK|Act1|cryptdragonact1.png
Demon Lord|DCK|Act1|demonlordact1.png
Kobold|DCK|Act1|koboldact1.png
Ferrox|DCK|Act1|ferroxact1.png
Golem|DCK|Act1|golemact1.png
Dark Priest|DCK|Act1|darkpriestact1.png
Blood Ape|DCK|Act1|bloodapeact1.png
Chaos Beast|DCK|Act1|chaosbeastact1.png
Deep Elf|DCK|Act1|deepelfact1.png
Troll|DCK|Act1|trollact1.png
Shade|DCK|Act1|shadeact1.png
Lava Beetle|DCK|Act1|lavabeetleact1.png
Medusa|DCK|Act1|medusaact1.png
Wendigo|DCK|Act1|wendigoact1.png
Ice Wyrm|DCK|Act1|icewyrmact1.png
Beastman|OotO|Act1|beastmanact1.png
Bane Spider|OotO|Act1|banespideract1.png
Razorwing|OotO|Act1|razorwingact1.png
Giant|CoD|Act1|giantact1.png
Chaos Beast|CoD|Act1|chaosbeastact1.png
Lava Beetle|CoD|Act1|lavabeetleact1.png
Sorcerer|CotF|Act1|sorcereract1.png
Golem|CotF|Act1|golemact1.png
Medusa|CotF|Act1|medusaact1.png
Crypt Dragon|GoD|Act1|cryptdragonact1.png
Dark Priest|GoD|Act1|darkpriestact1.png
Wendigo|GoD|Act1|wendigoact1.png
Ogre|VoD|Act1|ogreact1.png
Manticore|VoD|Act1|manticoreact1.png
Troll|VoD|Act1|trollact1.png
Hell Hound|BotW|Act1|hellhoundact1.png
Kobold|BotW|Act1|koboldact1.png
Deep Elf|BotW|Act1|deepelfact1.png
Skeleton Archer|ToC|Act1|skeletonarcheract1.png
Demon Lord|ToC|Act1|demonlordact1.png
Crow Hag|ToC|Act1|crowhagact1.png
Naga|SotS|Act1|nagaact1.png
Ferrox|SotS|Act1|ferroxact1.png
Blood Ape|SotS|Act1|bloodapeact1.png
Goblin Archer|D2E|Act2|goblinarcheract2.png
Zombie|D2E|Act2|zombieact2.png
Cave Spider|D2E|Act2|cavespideract2.png
Flesh Moulders|D2E|Act2|fleshmouldersact2.png
Barghest|D2E|Act2|barghestact2.png
Ettin|D2E|Act2|ettinact2.png
Elemental|D2E|Act2|elementalact2.png
Merriod|D2E|Act2|merriodact2.png
Shadow Dragon|D2E|Act2|shadowdragonact2.png
Fire Imp|LotW|Act2|fireimpact2.png
Hybrid Sentinel|LotW|Act2|hybridsentinelact2.png
Goblin Witcher|LoR|Act2|goblinwitcheract2.png
Volucrix Reaver|LoR|Act2|volucrixreaveract2.png
Arachyura|LoR|Act2|arachyuraact2.png
Carrion Drake|LoR|Act2|carriondrakeact2.png
Harpy|TT|Act2|harpyact2.png
Plague Worm|TT|Act2|plaguewormact2.png
Rat Swarm|SoN|Act2|ratswarmact2.png
Changelin|SoN|Act2|changelinact2.png
Ironbound|SoN|Act2|ironboundact2.png
Ynfernael Hulk|SoN|Act2|ynfernaelhulkact2.png
Bandit|MoR|Act2|banditact2.png
Wraith|MoR|Act2|wraithact2.png
Beastman|DCK|Act2|beastmanact2.png
Skeleton Archer|DCK|Act2|skeletonarcheract2.png
Bane Spider|DCK|Act2|banespideract2.png
Razorwing|DCK|Act2|razorwingact2.png
Hell Hound|DCK|Act2|hellhoundact2.png
Sorcerer|DCK|Act2|sorcereract2.png
Ogre|DCK|Act2|ogreact2.png
Manticore|DCK|Act2|manticoreact2.png
Naga|DCK|Act2|nagaact2.png
Giant|DCK|Act2|giantact2.png
Crypt Dragon|DCK|Act2|cryptdragonact2.png
Demon Lord|DCK|Act2|demonlordact2.png
Kobold|DCK|Act2|koboldact2.png
Ferrox|DCK|Act2|ferroxact2.png
Golem|DCK|Act2|golemact2.png
Dark Priest|DCK|Act2|darkpriestact2.png
Blood Ape|DCK|Act2|bloodapeact2.png
Chaos Beast|DCK|Act2|chaosbeastact2.png
Deep Elf|DCK|Act2|deepelfact2.png
Troll|DCK|Act2|trollact2.png
Shade|DCK|Act2|shadeact2.png
Lava Beetle|DCK|Act2|lavabeetleact2.png
Medusa|DCK|Act2|medusaact2.png
Wendigo|DCK|Act2|wendigoact2.png
Ice Wyrm|DCK|Act2|icewyrmact2.png
Beastman|OotO|Act2|beastmanact2.png
Bane Spider|OotO|Act2|banespideract2.png
Razorwing|OotO|Act2|razorwingact2.png
Giant|CoD|Act2|giantact2.png
Chaos Beast|CoD|Act2|chaosbeastact2.png
Lava Beetle|CoD|Act2|lavabeetleact2.png
Sorcerer|CotF|Act2|sorcereract2.png
Golem|CotF|Act2|golemact2.png
Medusa|CotF|Act2|medusaact2.png
Crypt Dragon|GoD|Act2|cryptdragonact2.png
Dark Priest|GoD|Act2|darkpriestact2.png
Wendigo|GoD|Act2|wendigoact2.png
Ogre|VoD|Act2|ogreact2.png
Manticore|VoD|Act2|manticoreact2.png
Troll|VoD|Act2|trollact2.png
Hell Hound|BotW|Act2|hellhoundact2.png
Kobold|BotW|Act2|koboldact2.png
Deep Elf|BotW|Act2|deepelfact2.png
Skeleton Archer|ToC|Act2|skeletonarcheract2.png
Demon Lord|ToC|Act2|demonlordact2.png
Crow Hag|ToC|Act2|crowhagact2.png
Naga|SotS|Act2|nagaact2.png
Ferrox|SotS|Act2|ferroxact2.png
Blood Ape|SotS|Act2|bloodapeact2.png
